,URL
0,https://sa.aqar.fm/شقق-للإيجار/جدة/شمال-جدة/حي-الرياض/حي-الرياض-جدة-1464434
1,https://sa.aqar.fm/شقق-للإيجار/الطائف/حي-جبرة/شارع-الملك-خالد-الطائف-1464433
2,https://sa.aqar.fm/شقق-للإيجار/الدمام/حي-ضاحية-الملك-فهد/ضاحية-الملك-فهد-الدمام-1464432
3,https://sa.aqar.fm/شقق-للإيجار/الرياض/غرب-الرياض/حي-طويق/شارع-نجم-الدين-الايوبي-الرياض-1464416
4,https://sa.aqar.fm/شقق-للإيجار/الرياض/شرق-الرياض/حي-الجنادرية/الرياض-1464415
5,https://sa.aqar.fm/شقق-للإيجار/الرياض/شمال-الرياض/حي-الصحافة/شارع-الامير-سلمان-بن-محمد-بن-سعود-حي-الصحافة-الرياض-1464410
6,https://sa.aqar.fm/شقق-للإيجار/طريف/حي-سلطانة/طريق-عثمان-بن-عفان-طريف‎-1464389
7,https://sa.aqar.fm/شقق-للإيجار/الرياض/غرب-الرياض/حي-ظهرة-نمار/حي-العوالي-الرياض-1464388
8,https://sa.aqar.fm/شقق-للإيجار/الرياض/غرب-الرياض/حي-ظهرة-نمار/شارع-ابن-الحطاب-حي-العوالي-الرياض-1464382
9,https://sa.aqar.fm/شقق-للإيجار/جدة/شمال-جدة/حي-الريان/حي-الريان-جدة-1464376
10,https://sa.aqar.fm/شقق-للإيجار/الرياض/شمال-الرياض/حي-الياسمين/حي-الياسمين-الرياض-1464372
11,https://sa.aqar.fm/شقق-للإيجار/ينبع/حي-البندر/ينبع-1464367
12,https://sa.aqar.fm/شقق-للإيجار/الرياض/شمال-الرياض/حي-النرجس/حي-النرجس-الرياض-1464341
13,https://sa.aqar.fm/شقق-للإيجار/الهفوف/حي-الخالدية/حي-الخالدية-الهفوف-والمبرز-الأحساء-1464338
14,https://sa.aqar.fm/شقق-للإيجار/الدمام/حي-الشعلة/حي-الشعلة-الدمام-1464333
15,https://sa.aqar.fm/شقق-للإيجار/الرياض/شرق-الرياض/حي-المونسية/حي-المونسية-الرياض-1464327
16,https://sa.aqar.fm/شقق-للإيجار/الرياض/غرب-الرياض/حي-ظهرة-لبن/حي-ظهرة-لبن-الرياض-1464325
17,https://sa.aqar.fm/شقق-للإيجار/الرياض/شرق-الرياض/حي-اليرموك/شارع-الجلة-حي-اليرموك-الرياض-1464320
18,https://sa.aqar.fm/شقق-للإيجار/مكة-المكرمة/حي-الراشدية/حي-الراشدية-مكة-1464317
19,https://sa.aqar.fm/شقق-للإيجار/الرياض/غرب-الرياض/حي-طويق/حي-طويق-الرياض-1464310
